State,Date,Daily_Count
Maryland,2021-01-01,0
Maryland,2021-01-10,26455
Maryland,2021-01-11,3012
Maryland,2021-01-12,2665
Maryland,2021-01-13,2516
Maryland,2021-01-14,2948
Maryland,2021-01-15,2924
Maryland,2021-01-16,3292
Maryland,2021-01-17,2414
Maryland,2021-01-18,1769
Maryland,2021-01-19,1972
Maryland,2021-01-02,-47015
Maryland,2021-01-20,49182
Maryland,2021-01-21,2166
Maryland,2021-01-22,2396
Maryland,2021-01-23,2392
Maryland,2021-01-24,2145
Maryland,2021-01-25,1686
Maryland,2021-01-26,1482
Maryland,2021-01-27,1939
Maryland,2021-01-28,2190
Maryland,2021-01-29,1880
Maryland,2021-01-03,-65310
Maryland,2021-01-30,67407
Maryland,2021-01-31,1747
Maryland,2021-01-04,-66671
Maryland,2021-01-05,1956
Maryland,2021-01-06,3146
Maryland,2021-01-07,2970
Maryland,2021-01-08,3732
Maryland,2021-01-09,3758
Maryland,2020-10-01,-177854
Maryland,2020-10-10,5285
Maryland,2020-10-11,562
Maryland,2020-10-12,504
Maryland,2020-10-13,482
Maryland,2020-10-14,575
Maryland,2020-10-15,630
Maryland,2020-10-16,781
Maryland,2020-10-17,798
Maryland,2020-10-18,530
Maryland,2020-10-19,497
Maryland,2020-10-02,-9932
Maryland,2020-10-20,10522
Maryland,2020-10-21,492
Maryland,2020-10-22,743
Maryland,2020-10-23,712
Maryland,2020-10-24,796
Maryland,2020-10-25,792
Maryland,2020-10-26,565
Maryland,2020-10-27,897
Maryland,2020-10-28,684
Maryland,2020-10-29,962
Maryland,2020-10-03,-16568
Maryland,2020-10-30,17495
Maryland,2020-10-31,967
Maryland,2020-10-04,-17991
Maryland,2020-10-05,501
Maryland,2020-10-06,413
Maryland,2020-10-07,460
Maryland,2020-10-08,761
Maryland,2020-10-09,734
Maryland,2020-11-01,15986
Maryland,2020-11-10,10564
Maryland,2020-11-11,1714
Maryland,2020-11-12,1477
Maryland,2020-11-13,1869
Maryland,2020-11-14,2321
Maryland,2020-11-15,1840
Maryland,2020-11-16,1726
Maryland,2020-11-17,2149
Maryland,2020-11-18,2018
Maryland,2020-11-19,2910
Maryland,2020-11-02,-27738
Maryland,2020-11-20,30091
Maryland,2020-11-21,2885
Maryland,2020-11-22,2168
Maryland,2020-11-23,1658
Maryland,2020-11-24,1667
Maryland,2020-11-25,2697
Maryland,2020-11-26,2319
Maryland,2020-11-27,2378
Maryland,2020-11-28,1590
Maryland,2020-11-29,1999
Maryland,2020-11-03,-48681
Maryland,2020-11-30,50604
Maryland,2020-11-04,-49604
Maryland,2020-11-05,1198
Maryland,2020-11-06,1541
Maryland,2020-11-07,1410
Maryland,2020-11-08,1081
Maryland,2020-11-09,1375
Maryland,2020-12-01,45764
Maryland,2020-12-10,24720
Maryland,2020-12-11,2616
Maryland,2020-12-12,3538
Maryland,2020-12-13,2638
Maryland,2020-12-14,2314
Maryland,2020-12-15,2401
Maryland,2020-12-16,2405
Maryland,2020-12-17,2217
Maryland,2020-12-18,2569
Maryland,2020-12-19,2201
Maryland,2020-12-02,-45399
Maryland,2020-12-20,47453
Maryland,2020-12-21,2265
Maryland,2020-12-22,2324
Maryland,2020-12-23,2465
Maryland,2020-12-24,2866
Maryland,2020-12-25,2432
Maryland,2020-12-26,2280
Maryland,2020-12-27,1758
Maryland,2020-12-28,1985
Maryland,2020-12-29,1878
Maryland,2020-12-03,-65662
Maryland,2020-12-30,68290
Maryland,2020-12-31,2973
Maryland,2020-12-04,-67471
Maryland,2020-12-05,3193
Maryland,2020-12-06,2643
Maryland,2020-12-07,2302
Maryland,2020-12-08,2632
Maryland,2020-12-09,2692
Maryland,2021-02-01,132983
Maryland,2021-02-10,11030
Maryland,2021-02-11,1199
Maryland,2021-02-12,1112
Maryland,2021-02-13,1159
Maryland,2021-02-14,847
Maryland,2021-02-15,722
Maryland,2021-02-16,516
Maryland,2021-02-17,759
Maryland,2021-02-18,986
Maryland,2021-02-19,1008
Maryland,2021-02-02,-18433
Maryland,2021-02-20,19196
Maryland,2021-02-21,618
Maryland,2021-02-22,611
Maryland,2021-02-23,662
Maryland,2021-02-24,862
Maryland,2021-02-25,976
Maryland,2021-02-26,970
Maryland,2021-02-27,836
Maryland,2021-02-28,827
Maryland,2021-02-03,-24616
Maryland,2021-02-04,1554
Maryland,2021-02-05,1547
Maryland,2021-02-06,1500
Maryland,2021-02-07,1566
Maryland,2021-02-08,903
Maryland,2021-02-09,976
Maryland,2021-03-01,17173
Maryland,2020-03-10,-382696
Maryland,2020-03-11,3
Maryland,2020-03-12,3
Maryland,2020-03-13,5
Maryland,2020-03-14,9
Maryland,2020-03-15,5
Maryland,2020-03-16,6
Maryland,2020-03-17,20
Maryland,2020-03-18,28
Maryland,2020-03-19,22
Maryland,2021-03-02,383063
Maryland,2020-03-20,-383021
Maryland,2020-03-21,41
Maryland,2020-03-22,54
Maryland,2020-03-23,44
Maryland,2020-03-24,61
Maryland,2020-03-25,74
Maryland,2020-03-26,157
Maryland,2020-03-27,194
Maryland,2020-03-28,218
Maryland,2020-03-29,247
Maryland,2021-03-03,382717
Maryland,2020-03-30,-382543
Maryland,2020-03-31,247
Maryland,2021-03-04,383105
Maryland,2020-03-05,-384765
Maryland,2021-03-05,385678
Maryland,2020-03-06,-385675
Maryland,2021-03-06,386607
Maryland,2020-03-07,-386607
Maryland,2021-03-07,387316
Maryland,2020-03-08,-387316
Maryland,2020-03-09,2
Maryland,2020-04-01,1980
Maryland,2020-04-10,4983
Maryland,2020-04-11,726
Maryland,2020-04-12,531
Maryland,2020-04-13,711
Maryland,2020-04-14,536
Maryland,2020-04-15,560
Maryland,2020-04-16,752
Maryland,2020-04-17,788
Maryland,2020-04-18,736
Maryland,2020-04-19,522
Maryland,2020-04-02,-10499
Maryland,2020-04-20,11353
Maryland,2020-04-21,509
Maryland,2020-04-22,582
Maryland,2020-04-23,962
Maryland,2020-04-24,879
Maryland,2020-04-25,1150
Maryland,2020-04-26,815
Maryland,2020-04-27,906
Maryland,2020-04-28,626
Maryland,2020-04-29,736
Maryland,2020-04-03,-18091
Maryland,2020-04-30,18984
Maryland,2020-04-04,-18617
Maryland,2020-04-05,484
Maryland,2020-04-06,436
Maryland,2020-04-07,326
Maryland,2020-04-08,1158
Maryland,2020-04-09,656
Maryland,2020-05-01,17287
Maryland,2020-05-10,9115
Maryland,2020-05-11,786
Maryland,2020-05-12,688
Maryland,2020-05-13,751
Maryland,2020-05-14,1091
Maryland,2020-05-15,1083
Maryland,2020-05-16,982
Maryland,2020-05-17,836
Maryland,2020-05-18,958
Maryland,2020-05-19,1784
Maryland,2020-05-02,-17073
Maryland,2020-05-20,17850
Maryland,2020-05-21,1208
Maryland,2020-05-22,893
Maryland,2020-05-23,1071
Maryland,2020-05-24,818
Maryland,2020-05-25,839
Maryland,2020-05-26,535
Maryland,2020-05-27,736
Maryland,2020-05-28,1286
Maryland,2020-05-29,1279
Maryland,2020-05-03,-25526
Maryland,2020-05-30,26553
Maryland,2020-05-31,763
Maryland,2020-05-04,-26370
Maryland,2020-05-05,709
Maryland,2020-05-06,1046
Maryland,2020-05-07,1211
Maryland,2020-05-08,1111
Maryland,2020-05-09,1049
Maryland,2020-06-01,21793
Maryland,2020-06-10,6138
Maryland,2020-06-11,732
Maryland,2020-06-12,416
Maryland,2020-06-13,692
Maryland,2020-06-14,396
Maryland,2020-06-15,331
Maryland,2020-06-16,377
Maryland,2020-06-17,560
Maryland,2020-06-18,260
Maryland,2020-06-19,319
Maryland,2020-06-02,-9373
Maryland,2020-06-20,9781
Maryland,2020-06-21,350
Maryland,2020-06-22,297
Maryland,2020-06-23,404
Maryland,2020-06-24,330
Maryland,2020-06-25,440
Maryland,2020-06-26,338
Maryland,2020-06-27,335
Maryland,2020-06-28,327
Maryland,2020-06-29,477
Maryland,2020-06-03,-12272
Maryland,2020-06-30,12577
Maryland,2020-06-04,-11701
Maryland,2020-06-05,912
Maryland,2020-06-06,712
Maryland,2020-06-07,491
Maryland,2020-06-08,431
Maryland,2020-06-09,500
Maryland,2020-07-01,9014
Maryland,2020-07-10,3992
Maryland,2020-07-11,557
Maryland,2020-07-12,642
Maryland,2020-07-13,418
Maryland,2020-07-14,733
Maryland,2020-07-15,756
Maryland,2020-07-16,648
Maryland,2020-07-17,707
Maryland,2020-07-18,835
Maryland,2020-07-19,925
Maryland,2020-07-02,-9708
Maryland,2020-07-20,10262
Maryland,2020-07-21,860
Maryland,2020-07-22,627
Maryland,2020-07-23,664
Maryland,2020-07-24,930
Maryland,2020-07-25,1288
Maryland,2020-07-26,694
Maryland,2020-07-27,1128
Maryland,2020-07-28,648
Maryland,2020-07-29,761
Maryland,2020-07-03,-17324
Maryland,2020-07-30,18216
Maryland,2020-07-31,1169
Maryland,2020-07-04,-19005
Maryland,2020-07-05,291
Maryland,2020-07-06,272
Maryland,2020-07-07,492
Maryland,2020-07-08,465
Maryland,2020-07-09,586
Maryland,2020-08-01,17918
Maryland,2020-08-10,6893
Maryland,2020-08-11,585
Maryland,2020-08-12,541
Maryland,2020-08-13,776
Maryland,2020-08-14,715
Maryland,2020-08-15,818
Maryland,2020-08-16,519
Maryland,2020-08-17,503
Maryland,2020-08-18,520
Maryland,2020-08-19,414
Maryland,2020-08-02,-11375
Maryland,2020-08-20,11955
Maryland,2020-08-21,670
Maryland,2020-08-22,624
Maryland,2020-08-23,579
Maryland,2020-08-24,567
Maryland,2020-08-25,377
Maryland,2020-08-26,440
Maryland,2020-08-27,577
Maryland,2020-08-28,601
Maryland,2020-08-29,630
Maryland,2020-08-03,-16150
Maryland,2020-08-30,16647
Maryland,2020-08-31,458
Maryland,2020-08-04,-16395
Maryland,2020-08-05,572
Maryland,2020-08-06,579
Maryland,2020-08-07,801
Maryland,2020-08-08,775
Maryland,2020-08-09,922
Maryland,2020-09-01,13360
Maryland,2020-09-10,5215
Maryland,2020-09-11,646
Maryland,2020-09-12,809
Maryland,2020-09-13,577
Maryland,2020-09-14,536
Maryland,2020-09-15,599
Maryland,2020-09-16,643
Maryland,2020-09-17,631
Maryland,2020-09-18,543
Maryland,2020-09-19,682
Maryland,2020-09-02,-10425
Maryland,2020-09-20,10837
Maryland,2020-09-21,412
Maryland,2020-09-22,344
Maryland,2020-09-23,385
Maryland,2020-09-24,503
Maryland,2020-09-25,559
Maryland,2020-09-26,613
Maryland,2020-09-27,431
Maryland,2020-09-28,477
Maryland,2020-09-29,431
Maryland,2020-09-03,-14299
Maryland,2020-09-30,14713
Maryland,2020-09-04,-13894
Maryland,2020-09-05,776
Maryland,2020-09-06,512
Maryland,2020-09-07,764
Maryland,2020-09-08,356
Maryland,2020-09-09,336
Virginia,2021-01-01,0
Virginia,2021-01-10,44090
Virginia,2021-01-11,4530
Virginia,2021-01-12,4561
Virginia,2021-01-13,4598
Virginia,2021-01-14,5294
Virginia,2021-01-15,4795
Virginia,2021-01-16,6757
Virginia,2021-01-17,9914
Virginia,2021-01-18,7245
Virginia,2021-01-19,4526
Virginia,2021-01-02,-92321
Virginia,2021-01-20,96836
Virginia,2021-01-21,4013
Virginia,2021-01-22,4147
Virginia,2021-01-23,4904
Virginia,2021-01-24,3792
Virginia,2021-01-25,6172
Virginia,2021-01-26,4707
Virginia,2020-01-27,-483326
Virginia,2021-01-27,488553
Virginia,2020-01-28,-488553
Virginia,2021-01-28,493674
Virginia,2020-01-29,-493674
Virginia,2021-01-29,497912
Virginia,2021-01-03,-134147
Virginia,2020-01-30,-363765
Virginia,2021-01-30,502221
Virginia,2020-01-31,-502221
Virginia,2021-01-31,504779
Virginia,2021-01-04,-137243
Virginia,2021-01-05,4377
Virginia,2021-01-06,5387
Virginia,2021-01-07,5379
Virginia,2021-01-08,5238
Virginia,2021-01-09,5798
Virginia,2020-10-01,-244994
Virginia,2020-10-10,9184
Virginia,2020-10-11,811
Virginia,2020-10-12,854
Virginia,2020-10-13,1235
Virginia,2020-10-14,805
Virginia,2020-10-15,1331
Virginia,2020-10-16,1183
Virginia,2020-10-17,1114
Virginia,2020-10-18,900
Virginia,2020-10-19,690
Virginia,2020-10-02,-17141
Virginia,2020-10-20,18067
Virginia,2020-10-21,1018
Virginia,2020-10-22,1332
Virginia,2020-10-23,1180
Virginia,2020-10-24,1088
Virginia,2020-10-25,999
Virginia,2020-10-26,904
Virginia,2020-10-27,1134
Virginia,2020-10-28,1345
Virginia,2020-10-29,1429
Virginia,2020-10-03,-27380
Virginia,2020-10-30,28836
Virginia,2020-10-31,1551
Virginia,2020-10-04,-29320
Virginia,2020-10-05,687
Virginia,2020-10-06,625
Virginia,2020-10-07,509
Virginia,2020-10-08,1844
Virginia,2020-10-09,1114
Virginia,2020-11-01,25743
Virginia,2020-11-10,12520
Virginia,2020-11-11,1594
Virginia,2020-11-12,1521
Virginia,2020-11-13,1235
Virginia,2020-11-14,1537
Virginia,2020-11-15,1161
Virginia,2020-11-16,2677
Virginia,2020-11-17,2125
Virginia,2020-11-18,2071
Virginia,2020-11-19,1954
Virginia,2020-11-02,-27369
Virginia,2020-11-20,29913
Virginia,2020-11-21,2348
Virginia,2020-11-22,2117
Virginia,2020-11-23,3242
Virginia,2020-11-24,2544
Virginia,2020-11-25,2718
Virginia,2020-11-26,2600
Virginia,2020-11-27,1544
Virginia,2020-11-28,3173
Virginia,2020-11-29,2325
Virginia,2020-11-03,-51263
Virginia,2020-11-30,53156
Virginia,2020-11-04,-51999
Virginia,2020-11-05,1366
Virginia,2020-11-06,1568
Virginia,2020-11-07,2103
Virginia,2020-11-08,1302
Virginia,2020-11-09,1302
Virginia,2020-12-01,46586
Virginia,2020-12-10,30980
Virginia,2020-12-11,3395
Virginia,2020-12-12,4177
Virginia,2020-12-13,3294
Virginia,2020-12-14,3240
Virginia,2020-12-15,3160
Virginia,2020-12-16,3931
Virginia,2020-12-17,3853
Virginia,2020-12-18,3295
Virginia,2020-12-19,3584
Virginia,2020-12-02,-60492
Virginia,2020-12-20,64368
Virginia,2020-12-21,4042
Virginia,2020-12-22,3591
Virginia,2020-12-23,4652
Virginia,2020-12-24,4782
Virginia,2020-12-25,4078
Virginia,2020-12-26,1584
Virginia,2020-12-27,3999
Virginia,2020-12-28,2599
Virginia,2020-12-29,4122
Virginia,2020-12-03,-95794
Virginia,2020-12-30,99842
Virginia,2020-12-31,5239
Virginia,2020-12-04,-102204
Virginia,2020-12-05,3793
Virginia,2020-12-06,3880
Virginia,2020-12-07,3817
Virginia,2020-12-08,3860
Virginia,2020-12-09,4398
Virginia,2020-02-01,-267128
Virginia,2021-02-01,507640
Virginia,2020-02-10,-507640
Virginia,2021-02-10,537319
Virginia,2020-02-11,-537319
Virginia,2021-02-11,541018
Virginia,2020-02-12,-541018
Virginia,2021-02-12,544209
Virginia,2020-02-13,-544209
Virginia,2021-02-13,547424
Virginia,2020-02-14,-547424
Virginia,2021-02-14,549999
Virginia,2020-02-15,-549999
Virginia,2021-02-15,551538
Virginia,2020-02-16,-551538
Virginia,2021-02-16,553308
Virginia,2020-02-17,-553308
Virginia,2021-02-17,555592
Virginia,2020-02-18,-555592
Virginia,2021-02-18,557896
Virginia,2020-02-19,-557896
Virginia,2021-02-19,559930
Virginia,2020-02-02,-559930
Virginia,2021-02-02,510380
Virginia,2020-02-20,-510380
Virginia,2021-02-20,561812
Virginia,2020-02-21,-561812
Virginia,2021-02-21,564115
Virginia,2020-02-22,-564115
Virginia,2021-02-22,565270
Virginia,2020-02-23,-565270
Virginia,2021-02-23,567039
Virginia,2020-02-24,-567039
Virginia,2021-02-24,568946
Virginia,2020-02-25,-568946
Virginia,2021-02-25,570982
Virginia,2020-02-26,-570982
Virginia,2021-02-26,572639
Virginia,2020-02-27,-572639
Virginia,2021-02-27,574314
Virginia,2020-02-28,-574314
Virginia,2021-02-28,576050
Virginia,2020-02-29,-576050
Virginia,2020-02-03,0
Virginia,2021-02-03,513339
Virginia,2020-02-04,-513339
Virginia,2021-02-04,516398
Virginia,2020-02-05,-516398
Virginia,2021-02-05,521467
Virginia,2020-02-06,-521467
Virginia,2021-02-06,526176
Virginia,2020-02-07,-526176
Virginia,2021-02-07,529125
Virginia,2020-02-08,-529125
Virginia,2021-02-08,530825
Virginia,2020-02-09,-530825
Virginia,2021-02-09,534116
Virginia,2020-03-01,-534116
Virginia,2021-03-01,577174
Virginia,2020-03-10,-577166
Virginia,2020-03-11,1
Virginia,2020-03-12,8
Virginia,2020-03-13,13
Virginia,2020-03-14,0
Virginia,2020-03-15,15
Virginia,2020-03-16,6
Virginia,2020-03-17,16
Virginia,2020-03-18,10
Virginia,2020-03-19,17
Virginia,2020-03-02,-94
Virginia,2021-03-02,578559
Virginia,2020-03-20,-578445
Virginia,2020-03-21,38
Virginia,2020-03-22,67
Virginia,2020-03-23,35
Virginia,2020-03-24,36
Virginia,2020-03-25,101
Virginia,2020-03-26,69
Virginia,2020-03-27,144
Virginia,2020-03-28,135
Virginia,2020-03-29,151
Virginia,2020-03-03,-890
Virginia,2021-03-03,580108
Virginia,2020-03-30,-579088
Virginia,2020-03-31,230
Virginia,2020-03-04,-1250
Virginia,2021-03-04,581408
Virginia,2020-03-05,-581408
Virginia,2021-03-05,583060
Virginia,2020-03-06,-583060
Virginia,2021-03-06,584537
Virginia,2020-03-07,-584537
Virginia,2021-03-07,585700
Virginia,2020-03-08,-585698
Virginia,2020-03-09,1
Virginia,2020-04-01,1481
Virginia,2020-04-10,3025
Virginia,2020-04-11,568
Virginia,2020-04-12,197
Virginia,2020-04-13,473
Virginia,2020-04-14,424
Virginia,2020-04-15,329
Virginia,2020-04-16,389
Virginia,2020-04-17,602
Virginia,2020-04-18,562
Virginia,2020-04-19,484
Virginia,2020-04-02,-6831
Virginia,2020-04-20,7284
Virginia,2020-04-21,640
Virginia,2020-04-22,636
Virginia,2020-04-23,732
Virginia,2020-04-24,596
Virginia,2020-04-25,772
Virginia,2020-04-26,604
Virginia,2020-04-27,565
Virginia,2020-04-28,804
Virginia,2020-04-29,622
Virginia,2020-04-03,-12949
Virginia,2020-04-30,13834
Virginia,2020-04-04,-13439
Virginia,2020-04-05,230
Virginia,2020-04-06,241
Virginia,2020-04-07,455
Virginia,2020-04-08,312
Virginia,2020-04-09,397
Virginia,2020-05-01,12859
Virginia,2020-05-10,7180
Virginia,2020-05-11,989
Virginia,2020-05-12,730
Virginia,2020-05-13,946
Virginia,2020-05-14,1067
Virginia,2020-05-15,859
Virginia,2020-05-16,1011
Virginia,2020-05-17,705
Virginia,2020-05-18,752
Virginia,2020-05-19,1005
Virginia,2020-05-02,-14414
Virginia,2020-05-20,15177
Virginia,2020-05-21,1229
Virginia,2020-05-22,813
Virginia,2020-05-23,799
Virginia,2020-05-24,495
Virginia,2020-05-25,1483
Virginia,2020-05-26,1615
Virginia,2020-05-27,907
Virginia,2020-05-28,1152
Virginia,2020-05-29,1132
Virginia,2020-05-03,-23862
Virginia,2020-05-30,24940
Virginia,2020-05-31,996
Virginia,2020-05-04,-25115
Virginia,2020-05-05,764
Virginia,2020-05-06,0
Virginia,2020-05-07,1314
Virginia,2020-05-08,772
Virginia,2020-05-09,854
Virginia,2020-06-01,22202
Virginia,2020-06-10,6779
Virginia,2020-06-11,470
Virginia,2020-06-12,564
Virginia,2020-06-13,658
Virginia,2020-06-14,637
Virginia,2020-06-15,380
Virginia,2020-06-16,445
Virginia,2020-06-17,444
Virginia,2020-06-18,463
Virginia,2020-06-19,555
Virginia,2020-06-02,-10554
Virginia,2020-06-20,11204
Virginia,2020-06-21,551
Virginia,2020-06-22,471
Virginia,2020-06-23,529
Virginia,2020-06-24,520
Virginia,2020-06-25,432
Virginia,2020-06-26,624
Virginia,2020-06-27,677
Virginia,2020-06-28,489
Virginia,2020-06-29,453
Virginia,2020-06-03,-15284
Virginia,2020-06-30,15882
Virginia,2020-06-04,-14931
Virginia,2020-06-05,676
Virginia,2020-06-06,865
Virginia,2020-06-07,1284
Virginia,2020-06-08,570
Virginia,2020-06-09,487
Virginia,2020-07-01,11465
Virginia,2020-07-10,5728
Virginia,2020-07-11,851
Virginia,2020-07-12,888
Virginia,2020-07-13,972
Virginia,2020-07-14,801
Virginia,2020-07-15,1084
Virginia,2020-07-16,904
Virginia,2020-07-17,1002
Virginia,2020-07-18,940
Virginia,2020-07-19,1057
Virginia,2020-07-02,-13695
Virginia,2020-07-20,14640
Virginia,2020-07-21,996
Virginia,2020-07-22,1022
Virginia,2020-07-23,844
Virginia,2020-07-24,1127
Virginia,2020-07-25,1245
Virginia,2020-07-26,958
Virginia,2020-07-27,1505
Virginia,2020-07-28,922
Virginia,2020-07-29,999
Virginia,2020-07-03,-23600
Virginia,2020-07-30,24511
Virginia,2020-07-31,984
Virginia,2020-07-04,-24779
Virginia,2020-07-05,639
Virginia,2020-07-06,354
Virginia,2020-07-07,638
Virginia,2020-07-08,635
Virginia,2020-07-09,613
Virginia,2020-08-01,22813
Virginia,2020-08-10,9948
Virginia,2020-08-11,996
Virginia,2020-08-12,776
Virginia,2020-08-13,1101
Virginia,2020-08-14,1216
Virginia,2020-08-15,912
Virginia,2020-08-16,937
Virginia,2020-08-17,734
Virginia,2020-08-18,861
Virginia,2020-08-19,737
Virginia,2020-08-02,-17237
Virginia,2020-08-20,18100
Virginia,2020-08-21,978
Virginia,2020-08-22,1212
Virginia,2020-08-23,894
Virginia,2020-08-24,664
Virginia,2020-08-25,1005
Virginia,2020-08-26,823
Virginia,2020-08-27,0
Virginia,2020-08-28,2134
Virginia,2020-08-29,1217
Virginia,2020-08-03,-25703
Virginia,2020-08-30,26641
Virginia,2020-08-31,847
Virginia,2020-08-04,-26343
Virginia,2020-08-05,798
Virginia,2020-08-06,818
Virginia,2020-08-07,2015
Virginia,2020-08-08,1307
Virginia,2020-08-09,897
Virginia,2020-09-01,21529
Virginia,2020-09-10,8910
Virginia,2020-09-11,1115
Virginia,2020-09-12,1300
Virginia,2020-09-13,874
Virginia,2020-09-14,757
Virginia,2020-09-15,943
Virginia,2020-09-16,845
Virginia,2020-09-17,1101
Virginia,2020-09-18,1242
Virginia,2020-09-19,953
Virginia,2020-09-02,-17113
Virginia,2020-09-20,17969
Virginia,2020-09-21,627
Virginia,2020-09-22,872
Virginia,2020-09-23,580
Virginia,2020-09-24,902
Virginia,2020-09-25,941
Virginia,2020-09-26,975
Virginia,2020-09-27,736
Virginia,2020-09-28,449
Virginia,2020-09-29,923
Virginia,2020-09-03,-23848
Virginia,2020-09-30,24603
Virginia,2020-09-04,-23492
Virginia,2020-09-05,948
Virginia,2020-09-06,1199
Virginia,2020-09-07,645
Virginia,2020-09-08,836
Virginia,2020-09-09,882
Washington DC,2021-01-01,0
Washington DC,2021-01-10,2539
Washington DC,2021-01-11,202
Washington DC,2021-01-12,430
Washington DC,2021-01-13,177
Washington DC,2021-01-14,220
Washington DC,2021-01-15,320
Washington DC,2021-01-16,397
Washington DC,2021-01-17,314
Washington DC,2021-01-18,182
Washington DC,2021-01-19,226
Washington DC,2021-01-02,-4750
Washington DC,2021-01-20,4894
Washington DC,2021-01-21,209
Washington DC,2021-01-22,293
Washington DC,2021-01-23,172
Washington DC,2021-01-24,224
Washington DC,2021-01-25,204
Washington DC,2021-01-26,195
Washington DC,2021-01-27,165
Washington DC,2021-01-28,267
Washington DC,2021-01-29,282
Washington DC,2021-01-03,-6650
Washington DC,2021-01-30,6898
Washington DC,2021-01-31,210
Washington DC,2021-01-04,-6968
Washington DC,2021-01-05,262
Washington DC,2021-01-06,316
Washington DC,2021-01-07,268
Washington DC,2021-01-08,357
Washington DC,2021-01-09,350
Washington DC,2020-10-01,-16099
Washington DC,2020-10-10,560
Washington DC,2020-10-11,66
Washington DC,2020-10-12,38
Washington DC,2020-10-13,46
Washington DC,2020-10-14,64
Washington DC,2020-10-15,34
Washington DC,2020-10-16,89
Washington DC,2020-10-17,79
Washington DC,2020-10-18,36
Washington DC,2020-10-19,25
Washington DC,2020-10-02,-972
Washington DC,2020-10-20,1022
Washington DC,2020-10-21,53
Washington DC,2020-10-22,39
Washington DC,2020-10-23,72
Washington DC,2020-10-24,97
Washington DC,2020-10-25,61
Washington DC,2020-10-26,45
Washington DC,2020-10-27,94
Washington DC,2020-10-28,67
Washington DC,2020-10-29,101
Washington DC,2020-10-03,-1601
Washington DC,2020-10-30,1671
Washington DC,2020-10-31,122
Washington DC,2020-10-04,-1747
Washington DC,2020-10-05,28
Washington DC,2020-10-06,105
Washington DC,2020-10-07,45
Washington DC,2020-10-08,68
Washington DC,2020-10-09,78
Washington DC,2020-11-01,1526
Washington DC,2020-11-10,804
Washington DC,2020-11-11,206
Washington DC,2020-11-12,128
Washington DC,2020-11-13,159
Washington DC,2020-11-14,148
Washington DC,2020-11-15,163
Washington DC,2020-11-16,87
Washington DC,2020-11-17,245
Washington DC,2020-11-18,156
Washington DC,2020-11-19,213
Washington DC,2020-11-02,-2240
Washington DC,2020-11-20,2370
Washington DC,2020-11-21,153
Washington DC,2020-11-22,190
Washington DC,2020-11-23,139
Washington DC,2020-11-24,119
Washington DC,2020-11-25,107
Washington DC,2020-11-26,220
Washington DC,2020-11-27,201
Washington DC,2020-11-28,371
Washington DC,2020-11-29,140
Washington DC,2020-11-03,-3924
Washington DC,2020-11-30,4028
Washington DC,2020-11-04,-3951
Washington DC,2020-11-05,81
Washington DC,2020-11-06,110
Washington DC,2020-11-07,99
Washington DC,2020-11-08,110
Washington DC,2020-11-09,86
Washington DC,2020-12-01,3598
Washington DC,2020-12-10,2413
Washington DC,2020-12-11,259
Washington DC,2020-12-12,286
Washington DC,2020-12-13,231
Washington DC,2020-12-14,164
Washington DC,2020-12-15,301
Washington DC,2020-12-16,263
Washington DC,2020-12-17,228
Washington DC,2020-12-18,274
Washington DC,2020-12-19,238
Washington DC,2020-12-02,-4500
Washington DC,2020-12-20,4759
Washington DC,2020-12-21,139
Washington DC,2020-12-22,160
Washington DC,2020-12-23,326
Washington DC,2020-12-24,210
Washington DC,2020-12-25,0
Washington DC,2020-12-26,274
Washington DC,2020-12-27,492
Washington DC,2020-12-28,140
Washington DC,2020-12-29,193
Washington DC,2020-12-03,-6371
Washington DC,2020-12-30,6594
Washington DC,2020-12-31,225
Washington DC,2020-12-04,-6503
Washington DC,2020-12-05,392
Washington DC,2020-12-06,264
Washington DC,2020-12-07,183
Washington DC,2020-12-08,270
Washington DC,2020-12-09,265
Washington DC,2021-02-01,13154
Washington DC,2021-02-10,1340
Washington DC,2021-02-11,185
Washington DC,2021-02-12,137
Washington DC,2021-02-13,126
Washington DC,2021-02-14,122
Washington DC,2021-02-15,83
Washington DC,2021-02-16,130
Washington DC,2021-02-17,49
Washington DC,2021-02-18,121
Washington DC,2021-02-19,160
Washington DC,2021-02-02,-2323
Washington DC,2021-02-20,2415
Washington DC,2021-02-21,95
Washington DC,2021-02-22,107
Washington DC,2021-02-23,89
Washington DC,2021-02-24,99
Washington DC,2021-02-25,179
Washington DC,2021-02-26,162
Washington DC,2021-02-27,194
Washington DC,2021-02-28,120
Washington DC,2021-02-03,-3399
Washington DC,2021-02-04,166
Washington DC,2021-02-05,269
Washington DC,2021-02-06,243
Washington DC,2021-02-07,158
Washington DC,2021-02-08,101
Washington DC,2021-02-09,145
Washington DC,2021-03-01,2403
Washington DC,2020-03-10,-40679
Washington DC,2020-03-11,0
Washington DC,2020-03-12,5
Washington DC,2020-03-13,0
Washington DC,2020-03-14,0
Washington DC,2020-03-15,6
Washington DC,2020-03-16,1
Washington DC,2020-03-17,5
Washington DC,2020-03-18,9
Washington DC,2020-03-19,8
Washington DC,2021-03-02,40728
Washington DC,2020-03-20,-40696
Washington DC,2020-03-21,6
Washington DC,2020-03-22,21
Washington DC,2020-03-23,18
Washington DC,2020-03-24,21
Washington DC,2020-03-25,46
Washington DC,2020-03-26,48
Washington DC,2020-03-27,36
Washington DC,2020-03-28,37
Washington DC,2020-03-29,38
Washington DC,2021-03-03,40476
Washington DC,2020-03-30,-40417
Washington DC,2020-03-31,94
Washington DC,2021-03-04,40519
Washington DC,2020-03-05,-41014
Washington DC,2021-03-05,41122
Washington DC,2020-03-06,-41122
Washington DC,2021-03-06,41273
Washington DC,2020-03-07,-41273
Washington DC,2021-03-07,41419
Washington DC,2020-03-08,-41418
Washington DC,2020-03-09,0
Washington DC,2020-04-01,585
Washington DC,2020-04-10,1074
Washington DC,2020-04-11,118
Washington DC,2020-04-12,97
Washington DC,2020-04-13,80
Washington DC,2020-04-14,103
Washington DC,2020-04-15,139
Washington DC,2020-04-16,153
Washington DC,2020-04-17,126
Washington DC,2020-04-18,190
Washington DC,2020-04-19,127
Washington DC,2020-04-02,-2140
Washington DC,2020-04-20,2274
Washington DC,2020-04-21,171
Washington DC,2020-04-22,108
Washington DC,2020-04-23,155
Washington DC,2020-04-24,167
Washington DC,2020-04-25,171
Washington DC,2020-04-26,142
Washington DC,2020-04-27,51
Washington DC,2020-04-28,102
Washington DC,2020-04-29,112
Washington DC,2020-04-03,-3349
Washington DC,2020-04-30,3566
Washington DC,2020-04-04,-3421
Washington DC,2020-04-05,96
Washington DC,2020-04-06,99
Washington DC,2020-04-07,114
Washington DC,2020-04-08,229
Washington DC,2020-04-09,83
Washington DC,2020-05-01,3135
Washington DC,2020-05-10,1614
Washington DC,2020-05-11,117
Washington DC,2020-05-12,96
Washington DC,2020-05-13,99
Washington DC,2020-05-14,152
Washington DC,2020-05-15,135
Washington DC,2020-05-16,171
Washington DC,2020-05-17,81
Washington DC,2020-05-18,147
Washington DC,2020-05-19,164
Washington DC,2020-05-02,-2637
Washington DC,2020-05-20,2754
Washington DC,2020-05-21,237
Washington DC,2020-05-22,105
Washington DC,2020-05-23,73
Washington DC,2020-05-24,0
Washington DC,2020-05-25,259
Washington DC,2020-05-26,109
Washington DC,2020-05-27,72
Washington DC,2020-05-28,86
Washington DC,2020-05-29,46
Washington DC,2020-05-03,-3522
Washington DC,2020-05-30,3701
Washington DC,2020-05-31,84
Washington DC,2020-05-04,-3631
Washington DC,2020-05-05,152
Washington DC,2020-05-06,139
Washington DC,2020-05-07,193
Washington DC,2020-05-08,245
Washington DC,2020-05-09,203
Washington DC,2020-06-01,2755
Washington DC,2020-06-10,680
Washington DC,2020-06-11,52
Washington DC,2020-06-12,65
Washington DC,2020-06-13,55
Washington DC,2020-06-14,58
Washington DC,2020-06-15,32
Washington DC,2020-06-16,19
Washington DC,2020-06-17,29
Washington DC,2020-06-18,56
Washington DC,2020-06-19,49
Washington DC,2020-06-02,-1066
Washington DC,2020-06-20,1098
Washington DC,2020-06-21,36
Washington DC,2020-06-22,38
Washington DC,2020-06-23,36
Washington DC,2020-06-24,34
Washington DC,2020-06-25,31
Washington DC,2020-06-26,26
Washington DC,2020-06-27,31
Washington DC,2020-06-28,32
Washington DC,2020-06-29,44
Washington DC,2020-06-03,-1276
Washington DC,2020-06-30,1311
Washington DC,2020-06-04,-1207
Washington DC,2020-06-05,79
Washington DC,2020-06-06,70
Washington DC,2020-06-07,63
Washington DC,2020-06-08,57
Washington DC,2020-06-09,85
Washington DC,2020-07-01,891
Washington DC,2020-07-10,378
Washington DC,2020-07-11,58
Washington DC,2020-07-12,46
Washington DC,2020-07-13,59
Washington DC,2020-07-14,40
Washington DC,2020-07-15,80
Washington DC,2020-07-16,50
Washington DC,2020-07-17,39
Washington DC,2020-07-18,79
Washington DC,2020-07-19,67
Washington DC,2020-07-02,-871
Washington DC,2020-07-20,949
Washington DC,2020-07-21,88
Washington DC,2020-07-22,102
Washington DC,2020-07-23,42
Washington DC,2020-07-24,78
Washington DC,2020-07-25,68
Washington DC,2020-07-26,63
Washington DC,2020-07-27,78
Washington DC,2020-07-28,87
Washington DC,2020-07-29,54
Washington DC,2020-07-03,-1564
Washington DC,2020-07-30,1622
Washington DC,2020-07-31,69
Washington DC,2020-07-04,-1679
Washington DC,2020-07-05,35
Washington DC,2020-07-06,33
Washington DC,2020-07-07,54
Washington DC,2020-07-08,73
Washington DC,2020-07-09,37
Washington DC,2020-08-01,1526
Washington DC,2020-08-10,602
Washington DC,2020-08-11,89
Washington DC,2020-08-12,63
Washington DC,2020-08-13,65
Washington DC,2020-08-14,94
Washington DC,2020-08-15,41
Washington DC,2020-08-16,61
Washington DC,2020-08-17,53
Washington DC,2020-08-18,52
Washington DC,2020-08-19,29
Washington DC,2020-08-02,-1080
Washington DC,2020-08-20,1135
Washington DC,2020-08-21,60
Washington DC,2020-08-22,65
Washington DC,2020-08-23,56
Washington DC,2020-08-24,49
Washington DC,2020-08-25,45
Washington DC,2020-08-26,38
Washington DC,2020-08-27,72
Washington DC,2020-08-28,57
Washington DC,2020-08-29,74
Washington DC,2020-08-03,-1612
Washington DC,2020-08-30,1646
Washington DC,2020-08-31,33
Washington DC,2020-08-04,-1594
Washington DC,2020-08-05,45
Washington DC,2020-08-06,75
Washington DC,2020-08-07,71
Washington DC,2020-08-08,64
Washington DC,2020-08-09,100
Washington DC,2020-09-01,1296
Washington DC,2020-09-10,363
Washington DC,2020-09-11,81
Washington DC,2020-09-12,59
Washington DC,2020-09-13,40
Washington DC,2020-09-14,30
Washington DC,2020-09-15,65
Washington DC,2020-09-16,56
Washington DC,2020-09-17,47
Washington DC,2020-09-18,62
Washington DC,2020-09-19,50
Washington DC,2020-09-02,-825
Washington DC,2020-09-20,878
Washington DC,2020-09-21,23
Washington DC,2020-09-22,43
Washington DC,2020-09-23,29
Washington DC,2020-09-24,56
Washington DC,2020-09-25,57
Washington DC,2020-09-26,52
Washington DC,2020-09-27,35
Washington DC,2020-09-28,14
Washington DC,2020-09-29,36
Washington DC,2020-09-03,-1165
Washington DC,2020-09-30,1191
Washington DC,2020-09-04,-1140
Washington DC,2020-09-05,52
Washington DC,2020-09-06,41
Washington DC,2020-09-07,36
Washington DC,2020-09-08,47
Washington DC,2020-09-09,25
